"Kind","Id","Legacy","Classification","CurrentCanonical","Historical","Live","AcCount","AcSource","AcInferred","Issues"
"fr","ARCH-TRUEDRIVE-1541-002","False","update","False","False","True","4","inferred-from-surviving-fr-body","True","Acceptance criteria are inferred from the surviving FR body and require owner review."
"fr","BACKFILL-MEDIA-001","False","update","False","False","True","3","inferred-from-surviving-fr-body","True","Acceptance criteria are inferred from the surviving FR body and require owner review."
"fr","BACKFILL-VIDEO-001","False","update","False","False","True","4","inferred-from-surviving-fr-body","True","Acceptance criteria are inferred from the surviving FR body and require owner review."
"fr","FR-AIREVIEW-ROUTING-001","False","update","True","False","True","3","current-canonical","False",""
"fr","FR-CFG-001","False","update","True","True","True","5","current-canonical","False",""
"fr","FR-CFG-002","False","create","True","True","False","5","current-canonical","False",""
"fr","FR-CFG-003","False","create","True","True","False","4","current-canonical","False",""
"fr","FR-CFG-004","False","create","True","True","False","4","current-canonical","False",""
"fr","FR-CFG-005","False","update","True","True","True","5","current-canonical","False",""
"fr","FR-CFG-006","False","create","True","True","False","4","current-canonical","False",""
"fr","FR-CFG-007","False","create","True","True","False","4","current-canonical","False",""
"fr","FR-CFG-008","False","create","True","True","False","4","current-canonical","False",""
"fr","FR-CHIPSTATE-001","False","preserve","False","False","True","4","live-only","False",""
"fr","FR-CIA-001","False","create","True","True","False","9","current-canonical","False",""
"fr","FR-CIA-002","False","create","True","True","False","7","current-canonical","False",""
"fr","FR-CIA-003","False","create","True","True","False","6","current-canonical","False",""
"fr","FR-CIA-004","False","create","True","True","False","6","current-canonical","False",""
"fr","FR-CIA-005","False","create","True","True","False","6","current-canonical","False",""
"fr","FR-CIA-006","False","create","True","True","False","6","current-canonical","False",""
"fr","FR-CIA-007","False","create","True","True","False","6","current-canonical","False",""
"fr","FR-COMPLETION-001","False","update","True","False","True","5","current-canonical","False",""
"fr","FR-CPU-001","False","create","True","True","False","5","current-canonical","False",""
"fr","FR-CPU-002","False","create","True","True","False","6","current-canonical","False",""
"fr","FR-CPU-003","False","create","True","True","False","7","current-canonical","False",""
"fr","FR-CPU-004","False","create","True","True","False","7","current-canonical","False",""
"fr","FR-CPU-005","False","create","True","True","False","6","current-canonical","False",""
"fr","FR-CPUTICK-001","False","preserve","False","False","True","4","live-only","False",""
"fr","FR-CRT-001","False","create","True","True","False","7","current-canonical","False",""
"fr","FR-CRT-002","False","create","True","True","False","6","current-canonical","False",""
"fr","FR-CRT-003","False","create","True","True","False","8","current-canonical","False",""
"fr","FR-CRT-004","False","create","True","True","False","7","current-canonical","False",""
"fr","FR-CRT-005","False","create","True","True","False","7","current-canonical","False",""
"fr","FR-CSDB-001","False","update","False","False","True","6","plan-or-audit-structured-acceptance","False",""
"fr","FR-CTX-001","True","update","False","False","True","1","plan-or-audit-inline-acceptance","False",""
"fr","FR-CTX-002","True","update","False","False","True","1","plan-or-audit-inline-acceptance","False",""
"fr","FR-CTX-003","True","update","False","False","True","1","plan-or-audit-inline-acceptance","False",""
"fr","FR-CTX-004","True","update","False","False","True","1","plan-or-audit-inline-acceptance","False",""
"fr","FR-D71-001","False","update","False","False","True","2","inferred-from-surviving-fr-body","True","Acceptance criteria are inferred from the surviving FR body and require owner review."
"fr","FR-D81-001","False","update","False","False","True","2","inferred-from-surviving-fr-body","True","Acceptance criteria are inferred from the surviving FR body and require owner review."
"fr","FR-DEVCARDART-001","False","update","False","False","True","4","inferred-from-surviving-fr-body","True","Acceptance criteria are inferred from the surviving FR body and require owner review."
"fr","FR-DRV-001","False","create","True","True","False","9","current-canonical","False",""
"fr","FR-DRV-002","False","update","True","True","True","7","current-canonical","False",""
"fr","FR-DRV-003","False","update","True","True","True","6","current-canonical","False",""
"fr","FR-DRV-004","False","create","True","True","False","7","current-canonical","False",""
"fr","FR-DRV-005","False","update","True","True","True","9","current-canonical","False",""
"fr","FR-DRV-006","False","create","True","True","False","6","current-canonical","False",""
"fr","FR-DRV1540-001","False","update","False","False","True","3","inferred-from-surviving-fr-body","True","Acceptance criteria are inferred from the surviving FR body and require owner review."
"fr","FR-DRV1541II-001","False","update","False","False","True","3","inferred-from-surviving-fr-body","True","Acceptance criteria are inferred from the surviving FR body and require owner review."
"fr","FR-DRVLED-001","False","update","False","False","True","2","inferred-from-surviving-fr-body","True","Acceptance criteria are inferred from the surviving FR body and require owner review."
"fr","FR-DRVMODEL-001","False","update","False","False","True","4","inferred-from-surviving-fr-body","True","Acceptance criteria are inferred from the surviving FR body and require owner review."
"fr","FR-DRVMODEL-002","False","update","False","False","True","2","inferred-from-surviving-fr-body","True","Acceptance criteria are inferred from the surviving FR body and require owner review."
"fr","FR-DRVTRUE-001","False","update","False","False","True","5","inferred-from-surviving-fr-body","True","Acceptance criteria are inferred from the surviving FR body and require owner review."
"fr","FR-GAMEPAD-001","True","update","False","False","True","1","plan-or-audit-inline-acceptance","False",""
"fr","FR-GAMEPAD-002","True","update","False","False","True","1","plan-or-audit-inline-acceptance","False",""
"fr","FR-GAMEPAD-003","True","update","False","False","True","1","plan-or-audit-inline-acceptance","False",""
"fr","FR-GAMEPAD-004","True","update","False","False","True","1","plan-or-audit-inline-acceptance","False",""
"fr","FR-GAMEPAD-005","True","update","False","False","True","1","plan-or-audit-inline-acceptance","False",""
"fr","FR-GAMEPAD-006","True","update","False","False","True","1","plan-or-audit-inline-acceptance","False",""
"fr","FR-GAMEPAD-007","True","update","False","False","True","1","plan-or-audit-inline-acceptance","False",""
"fr","FR-GAMEPAD-008","True","update","False","False","True","1","plan-or-audit-inline-acceptance","False",""
"fr","FR-GAMEPAD-009","True","update","False","False","True","1","plan-or-audit-inline-acceptance","False",""
"fr","FR-HOST-001","False","create","True","True","False","6","current-canonical","False",""
"fr","FR-HOST-002","False","create","True","True","False","6","current-canonical","False",""
"fr","FR-HOST-003","False","create","True","True","False","5","current-canonical","False",""
"fr","FR-HOST-004","False","create","True","True","False","6","current-canonical","False",""
"fr","FR-HOST-005","False","create","True","True","False","6","current-canonical","False",""
"fr","FR-HOST-006","False","update","True","True","True","6","current-canonical","False",""
"fr","FR-HOST-DIAG-001","False","create","True","False","False","7","current-canonical","False",""
"fr","FR-IECHOTPLUG-001","False","preserve","False","False","True","3","live-only","False",""
"fr","FR-IECLOAD-001","False","update","False","False","True","2","inferred-from-surviving-fr-body","True","Acceptance criteria are inferred from the surviving FR body and require owner review."
"fr","FR-IECMON-001","False","update","False","False","True","2","inferred-from-surviving-fr-body","True","Acceptance criteria are inferred from the surviving FR body and require owner review."
"fr","FR-IECSPY-001","False","update","False","False","True","3","inferred-from-surviving-fr-body","True","Acceptance criteria are inferred from the surviving FR body and require owner review."
"fr","FR-INP-001","False","create","True","True","False","8","current-canonical","False",""
"fr","FR-INP-002","False","create","True","True","False","7","current-canonical","False",""
"fr","FR-INP-003","False","create","True","True","False","7","current-canonical","False",""
"fr","FR-INP-004","False","create","True","True","False","7","current-canonical","False",""
"fr","FR-INP-005","False","create","True","True","False","7","current-canonical","False",""
"fr","FR-INP-006","False","create","True","True","False","8","current-canonical","False",""
"fr","FR-INPROC-001","False","update","False","False","True","1","plan-or-audit-inline-acceptance","False",""
"fr","FR-INPROC-002","False","update","False","False","True","1","plan-or-audit-inline-acceptance","False",""
"fr","FR-INPROC-003","False","update","False","False","True","1","plan-or-audit-inline-acceptance","False",""
"fr","FR-INSTALL-001","False","update","False","False","True","7","inferred-from-surviving-fr-body","True","Acceptance criteria are inferred from the surviving FR body and require owner review."
"fr","FR-MACHINEPICKER-001","False","update","True","False","True","3","current-canonical","False",""
"fr","FR-MED-001","False","create","True","True","False","8","current-canonical","False",""
"fr","FR-MED-002","False","update","True","True","True","7","current-canonical","False",""
"fr","FR-MED-003","False","update","True","True","True","7","current-canonical","False",""
"fr","FR-MED-004","False","update","True","True","True","7","current-canonical","False",""
"fr","FR-MED-005","False","create","True","True","False","7","current-canonical","False",""
"fr","FR-MEM-001","False","create","True","True","False","5","current-canonical","False",""
"fr","FR-MEM-002","False","create","True","True","False","5","current-canonical","False",""
"fr","FR-MEM-003","False","create","True","True","False","7","current-canonical","False",""
"fr","FR-MEM-004","False","create","True","True","False","5","current-canonical","False",""
"fr","FR-MEM-005","False","create","True","True","False","5","current-canonical","False",""
"fr","FR-MEM-006","False","create","True","True","False","6","current-canonical","False",""
"fr","FR-MON-001","False","create","True","True","False","7","current-canonical","False",""
"fr","FR-MON-002","False","create","True","True","False","7","current-canonical","False",""
"fr","FR-MON-003","False","create","True","True","False","8","current-canonical","False",""
"fr","FR-MON-004","False","create","True","True","False","7","current-canonical","False",""
"fr","FR-MON-005","False","create","True","True","False","7","current-canonical","False",""
"fr","FR-MON-006","False","create","True","True","False","8","current-canonical","False",""
"fr","FR-NATIVE-LIFECYCLE-001","False","update","True","False","True","5","current-canonical","False",""
"fr","FR-NATIVERESIDUE-001","False","update","False","False","True","3","inferred-from-surviving-fr-body","True","Acceptance criteria are inferred from the surviving FR body and require owner review."
"fr","FR-PACESEL-001","False","preserve","False","False","True","4","live-only","False",""
"fr","FR-PERF-RUNFRAME-001","False","update","True","False","True","5","current-canonical","False",""
"fr","FR-PRF-001","False","create","True","True","False","10","current-canonical","False",""
"fr","FR-PRF-002","False","create","True","True","False","5","current-canonical","False",""
"fr","FR-PRF-003","False","create","True","True","False","6","current-canonical","False",""
"fr","FR-PRF-004","False","create","True","True","False","9","current-canonical","False",""
"fr","FR-PRF-005","False","create","True","True","False","10","current-canonical","False",""
"fr","FR-PRF-006","False","create","True","True","False","8","current-canonical","False",""
"fr","FR-PRF-007","False","create","True","True","False","7","current-canonical","False",""
"fr","FR-PRF-008","False","create","True","True","False","6","current-canonical","False",""
"fr","FR-PUBSUB-001","False","preserve","False","False","True","3","live-only","False",""
"fr","FR-REMOTECTRL-001","False","update","True","False","True","3","current-canonical","False",""
"fr","FR-REMOTECTRL-CLI-001","False","update","True","False","True","5","current-canonical","False",""
"fr","FR-REVEXEC-001","False","update","False","False","True","3","inferred-from-surviving-fr-body","True","Acceptance criteria are inferred from the surviving FR body and require owner review."
"fr","FR-ROMM-AVUI-001","False","update","False","False","True","4","plan-or-audit-structured-acceptance","False",""
"fr","FR-ROMM-BROWSE-001","False","update","False","False","True","8","plan-or-audit-structured-acceptance","False",""
"fr","FR-ROMM-COLLECT-001","False","update","False","False","True","6","plan-or-audit-structured-acceptance","False",""
"fr","FR-ROMM-CONN-001","False","update","False","False","True","6","plan-or-audit-structured-acceptance","False",""
"fr","FR-ROMM-COVER-001","False","update","False","False","True","4","plan-or-audit-structured-acceptance","False",""
"fr","FR-ROMM-DETAIL-001","False","update","False","False","True","2","plan-or-audit-structured-acceptance","False",""
"fr","FR-ROMM-LAUNCH-001","False","update","False","False","True","7","plan-or-audit-structured-acceptance","False",""
"fr","FR-ROMM-PKG-001","False","update","False","False","True","4","plan-or-audit-structured-acceptance","False",""
"fr","FR-ROMM-XBOXUI-001","True","update","False","False","True","6","plan-or-audit-structured-acceptance","False",""
"fr","FR-SETTINGS-TXN-001","False","update","True","False","True","10","current-canonical","False",""
"fr","FR-SID-001","False","create","True","True","False","6","current-canonical","False",""
"fr","FR-SID-002","False","create","True","True","False","6","current-canonical","False",""
"fr","FR-SID-003","False","create","True","True","False","5","current-canonical","False",""
"fr","FR-SID-004","False","create","True","True","False","7","current-canonical","False",""
"fr","FR-SID-005","False","create","True","True","False","5","current-canonical","False",""
"fr","FR-SID-006","False","create","True","True","False","8","current-canonical","False",""
"fr","FR-SID-007","False","create","True","True","False","5","current-canonical","False",""
"fr","FR-SID-008","False","create","True","True","False","5","current-canonical","False",""
"fr","FR-SID-009","False","create","True","True","False","5","current-canonical","False",""
"fr","FR-SID-010","False","create","True","True","False","5","current-canonical","False",""
"fr","FR-SID-011","False","create","True","True","False","4","current-canonical","False",""
"fr","FR-SID-012","False","create","True","True","False","6","current-canonical","False",""
"fr","FR-SID-013","False","update","True","False","True","3","current-canonical","False",""
"fr","FR-SID-014","False","update","True","False","True","4","current-canonical","False",""
"fr","FR-SIDAUDIO-001","False","preserve","False","False","True","3","live-only","False",""
"fr","FR-SIDEBARUI-001","False","preserve","False","False","True","3","live-only","False",""
"fr","FR-SNDREG-001","False","preserve","False","False","True","4","live-only","False",""
"fr","FR-SNP-001","False","create","True","True","False","9","current-canonical","False",""
"fr","FR-SNP-002","False","create","True","True","False","10","current-canonical","False",""
"fr","FR-SNP-003","False","create","True","True","False","8","current-canonical","False",""
"fr","FR-SNP-004","False","create","True","True","False","8","current-canonical","False",""
"fr","FR-SYSBTN-001","True","update","False","False","True","1","plan-or-audit-inline-acceptance","False",""
"fr","FR-SYSBTN-002","True","update","False","False","True","1","plan-or-audit-inline-acceptance","False",""
"fr","FR-SYSBTN-003","True","update","False","False","True","1","plan-or-audit-inline-acceptance","False",""
"fr","FR-SYSBTN-004","True","update","False","False","True","1","plan-or-audit-inline-acceptance","False",""
"fr","FR-SYSBTN-005","True","update","False","False","True","1","plan-or-audit-inline-acceptance","False",""
"fr","FR-SYSBTN-006","True","update","False","False","True","1","plan-or-audit-inline-acceptance","False",""
"fr","FR-SYSBTN-007","True","update","False","False","True","1","plan-or-audit-inline-acceptance","False",""
"fr","FR-SYSBTN-008","True","update","False","False","True","1","plan-or-audit-inline-acceptance","False",""
"fr","FR-SYSINDEP-001","False","preserve","False","False","True","4","live-only","False",""
"fr","FR-TAP-001","False","create","True","True","False","6","current-canonical","False",""
"fr","FR-TAP-002","False","create","True","True","False","7","current-canonical","False",""
"fr","FR-TAP-003","False","create","True","True","False","6","current-canonical","False",""
"fr","FR-TAP-004","False","create","True","True","False","5","current-canonical","False",""
"fr","FR-TAP-005","False","create","True","True","False","6","current-canonical","False",""
"fr","FR-TESTGATE-001","False","update","False","False","True","1","plan-or-audit-inline-acceptance","False",""
"fr","FR-TESTGATE-002","False","update","False","False","True","1","plan-or-audit-inline-acceptance","False",""
"fr","FR-TESTGATE-003","False","update","False","False","True","1","plan-or-audit-inline-acceptance","False",""
"fr","FR-TESTGATE-004","False","update","False","False","True","1","plan-or-audit-inline-acceptance","False",""
"fr","FR-TICKHIST-001","False","preserve","False","False","True","4","live-only","False",""
"fr","FR-UI-001","False","create","True","True","False","9","current-canonical","False",""
"fr","FR-UI-002","False","update","True","True","True","4","current-canonical","False",""
"fr","FR-UI-003","False","update","True","True","True","5","current-canonical","False",""
"fr","FR-UI-004","False","create","True","True","False","4","current-canonical","False",""
"fr","FR-UIDROP-002","False","update","True","False","True","7","current-canonical","False",""
"fr","FR-UIFLYOUT-001","False","update","False","False","True","3","inferred-from-surviving-fr-body","True","Acceptance criteria are inferred from the surviving FR body and require owner review."
"fr","FR-UIMENUBAR-001","False","update","False","False","True","3","inferred-from-surviving-fr-body","True","Acceptance criteria are inferred from the surviving FR body and require owner review."
"fr","FR-UIPERIPHERAL-001","False","update","False","False","True","2","inferred-from-surviving-fr-body","True","Acceptance criteria are inferred from the surviving FR body and require owner review."
"fr","FR-UISETTINGS-001","False","update","False","False","True","2","inferred-from-surviving-fr-body","True","Acceptance criteria are inferred from the surviving FR body and require owner review."
"fr","FR-UISETVIS-001","False","update","True","False","True","2","current-canonical","False",""
"fr","FR-VIA-001","False","create","True","True","False","8","current-canonical","False",""
"fr","FR-VIA-002","False","create","True","True","False","7","current-canonical","False",""
"fr","FR-VIA-003","False","create","True","True","False","7","current-canonical","False",""
"fr","FR-VIA-004","False","create","True","True","False","7","current-canonical","False",""
"fr","FR-VIA-005","False","create","True","True","False","6","current-canonical","False",""
"fr","FR-VIC-001","False","update","True","True","True","8","current-canonical","False",""
"fr","FR-VIC-002","False","update","True","True","True","6","current-canonical","False",""
"fr","FR-VIC-003","False","update","True","True","True","6","current-canonical","False",""
"fr","FR-VIC-004","False","update","True","True","True","7","current-canonical","False",""
"fr","FR-VIC-005","False","update","True","True","True","8","current-canonical","False",""
"fr","FR-VIC-006","False","update","True","True","True","6","current-canonical","False",""
"fr","FR-VIC-007","False","update","True","True","True","11","current-canonical","False",""
"fr","FR-VIC-008","False","update","True","True","True","5","current-canonical","False",""
"fr","FR-VIC-009","False","create","True","True","False","5","current-canonical","False",""
"fr","FR-VIC-010","False","update","True","True","True","7","current-canonical","False",""
"fr","FR-VIC20-001","False","update","True","False","True","5","current-canonical","False",""
"fr","FR-VIC20-002","False","update","True","False","True","5","current-canonical","False",""
"fr","FR-VIC20-003","False","create","True","False","False","4","current-canonical","False",""
"fr","FR-VIC20-004","False","create","True","False","False","3","current-canonical","False",""
"fr","FR-VIC20-005","False","update","True","False","True","5","current-canonical","False",""
"fr","FR-VIC20-006","False","create","True","False","False","4","current-canonical","False",""
"fr","FR-VIC20-SOUND-001","False","update","True","False","True","5","current-canonical","False",""
"fr","FR-VSFLOCKSTEP-001","False","preserve","False","False","True","3","live-only","False",""
"fr","FR-WARP-001","False","preserve","True","False","True","2","current-canonical","False",""
"fr","FR-XAUDIO-001","True","update","False","False","True","3","inferred-from-surviving-fr-body","True","Acceptance criteria are inferred from the surviving FR body and require owner review."
"fr","FR-XAUDIO-002","True","update","False","False","True","1","plan-or-audit-inline-acceptance","False",""
"fr","FR-XAUDIO-003","True","update","False","False","True","1","plan-or-audit-inline-acceptance","False",""
"fr","FR-XAV-001","True","update","False","False","True","1","plan-or-audit-inline-acceptance","False",""
"fr","FR-XBOXGPL-006","True","update","False","False","True","1","plan-or-audit-inline-acceptance","False",""
"fr","FR-XBOXGPL-007","True","preserve","False","False","True","5","live-only","False",""
"fr","FR-XBOXPKG-001","True","update","False","False","True","1","plan-or-audit-inline-acceptance","False",""
"fr","FR-XBOXPKG-003","True","update","False","False","True","1","plan-or-audit-inline-acceptance","False",""
"fr","FR-XBOXTOPO-001","True","update","False","False","True","1","plan-or-audit-inline-acceptance","False",""
"fr","FR-XBOXUI-001","True","update","False","False","True","1","plan-or-audit-inline-acceptance","False",""
"fr","FR-XBOXUI-002","True","update","False","False","True","1","plan-or-audit-inline-acceptance","False",""
"fr","FR-XBOXUI-003","True","update","False","False","True","1","plan-or-audit-inline-acceptance","False",""
"fr","FR-XBOXUI-004","True","update","False","False","True","1","plan-or-audit-inline-acceptance","False",""
"fr","FR-XBOXUI-005","True","update","False","False","True","1","plan-or-audit-inline-acceptance","False",""
"fr","FR-XBOXUI-006","True","update","False","False","True","1","plan-or-audit-inline-acceptance","False",""
"fr","FR-XBOXUI-007","True","update","False","False","True","1","plan-or-audit-inline-acceptance","False",""
"fr","FR-XBOXUI-008","True","update","False","False","True","1","plan-or-audit-inline-acceptance","False",""
"fr","FR-XDEV-001","True","update","False","False","True","1","plan-or-audit-inline-acceptance","False",""
"fr","FR-XDEV-002","True","update","False","False","True","1","plan-or-audit-inline-acceptance","False",""
"fr","FR-XDEV-003","True","update","False","False","True","1","plan-or-audit-inline-acceptance","False",""
"fr","FR-XKBD-001","True","update","False","False","True","1","plan-or-audit-inline-acceptance","False",""
"fr","FR-XROM-001","True","update","False","False","True","1","plan-or-audit-inline-acceptance","False",""
"fr","FR-XROM-002","True","update","False","False","True","1","plan-or-audit-inline-acceptance","False",""
"fr","FR-XROM-003","True","update","False","False","True","1","plan-or-audit-inline-acceptance","False",""
"fr","FR-XSET-001","True","update","False","False","True","1","plan-or-audit-inline-acceptance","False",""
"fr","FR-XSET-002","True","update","False","False","True","1","plan-or-audit-inline-acceptance","False",""
"fr","FR-XSET-003","True","update","False","False","True","1","plan-or-audit-inline-acceptance","False",""
"fr","FR-XSET-004","True","update","False","False","True","1","plan-or-audit-inline-acceptance","False",""
"fr","FR-XSET-005","True","update","False","False","True","1","plan-or-audit-inline-acceptance","False",""
"fr","FR-XVIDEO-001","True","update","False","False","True","1","plan-or-audit-inline-acceptance","False",""
"fr","FR-XVIDEO-002","True","update","False","False","True","1","plan-or-audit-inline-acceptance","False",""
"fr","RUNTIME-TAPE-002","False","update","False","False","True","4","inferred-from-surviving-fr-body","True","Acceptance criteria are inferred from the surviving FR body and require owner review."
"test","TEST-AIREVIEW-ROUTING-001","False","update","True","False","True","4","current-canonical","False",""
"test","TEST-ARCH-CHIPGLUE-001","False","create","True","False","False","4","current-canonical","False",""
"test","TEST-BASELINE-CORRECTNESS-001","False","update","True","False","True","4","current-canonical","False",""
"test","TEST-CFG-001","False","create","True","True","False","0","none","False",""
"test","TEST-CHIPSTATE-001","False","preserve","False","False","True","2","live-only","False",""
"test","TEST-CIA-001","False","create","True","True","False","0","none","False",""
"test","TEST-CLI-LAUNCHER-001","False","create","True","False","False","0","none","False",""
"test","TEST-COMPLETION-001","False","update","True","False","True","6","current-canonical","False",""
"test","TEST-CPU-001","False","create","True","True","False","0","none","False",""
"test","TEST-CPUTICK-001","False","preserve","False","False","True","0","none","False",""
"test","TEST-CRT-001","False","create","True","True","False","0","none","False",""
"test","TEST-CTX-001","False","preserve","False","False","True","0","none","False",""
"test","TEST-DEPS-202607-001","False","preserve","False","False","True","1","live-only","False",""
"test","TEST-DRV-001","False","update","True","True","True","0","none","False",""
"test","TEST-DRV-MOTOR-001","False","preserve","False","False","True","0","none","False",""
"test","TEST-DRV-TYPE-001","False","preserve","False","False","True","0","none","False",""
"test","TEST-DRV1540-LOCKSTEP-001","False","preserve","False","False","True","0","none","False",""
"test","TEST-DRV1541II-LOCKSTEP-001","False","preserve","False","False","True","0","none","False",""
"test","TEST-DRV1571-LOCKSTEP-001","False","preserve","False","False","True","0","none","False",""
"test","TEST-DRV1581-LOCKSTEP-001","False","preserve","False","False","True","0","none","False",""
"test","TEST-DRVLED-001","False","preserve","False","False","True","0","none","False",""
"test","TEST-DRVLIFE-001","False","preserve","False","False","True","0","none","False",""
"test","TEST-DRVTRUE-001","False","preserve","False","False","True","0","none","False",""
"test","TEST-GAMEPAD-001","True","preserve","False","False","True","0","none","False",""
"test","TEST-GAMEPAD-002","True","preserve","False","False","True","0","none","False",""
"test","TEST-GRPC-001","False","create","True","True","False","0","none","False",""
"test","TEST-HOST-001","False","create","True","True","False","0","none","False",""
"test","TEST-HOST-DIAG-001","False","create","True","False","False","0","none","False",""
"test","TEST-IEC-TIMING-001","False","preserve","False","False","True","0","none","False",""
"test","TEST-IECDECODE-001","False","preserve","False","False","True","0","none","False",""
"test","TEST-IECELEC-001","False","preserve","False","False","True","0","none","False",""
"test","TEST-IECHOTPLUG-001","False","preserve","False","False","True","0","none","False",""
"test","TEST-IECLOAD-001","False","preserve","False","False","True","0","none","False",""
"test","TEST-IECMON-001","False","preserve","False","False","True","0","none","False",""
"test","TEST-IECSPY-001","False","preserve","False","False","True","0","none","False",""
"test","TEST-IECTRACE-001","False","preserve","False","False","True","0","none","False",""
"test","TEST-INPROC-001","False","preserve","False","False","True","0","none","False",""
"test","TEST-INPROC-002","False","preserve","False","False","True","0","none","False",""
"test","TEST-INPROC-003","False","preserve","False","False","True","0","none","False",""
"test","TEST-INPROC-DEVICE","False","preserve","False","False","True","0","none","False",""
"test","TEST-INPUT-001","False","create","True","True","False","0","none","False",""
"test","TEST-INSTALL-001","False","preserve","False","False","True","0","none","False",""
"test","TEST-MED-001","False","create","True","True","False","0","none","False",""
"test","TEST-MED-002","False","preserve","False","False","True","0","none","False",""
"test","TEST-MED-003","False","preserve","False","False","True","0","none","False",""
"test","TEST-MED-004","False","preserve","False","False","True","0","none","False",""
"test","TEST-MEM-001","False","create","True","True","False","0","none","False",""
"test","TEST-MON-001","False","create","True","True","False","0","none","False",""
"test","TEST-NATIVE-LIFECYCLE-001","False","update","True","False","True","5","current-canonical","False",""
"test","TEST-NATIVERESIDUE-001","False","preserve","False","False","True","2","live-only","False",""
"test","TEST-NATIVERESIDUE-002","False","preserve","False","False","True","0","none","False",""
"test","TEST-NATIVERESIDUE-003","False","preserve","False","False","True","0","none","False",""
"test","TEST-PACESEL-001","False","preserve","False","False","True","2","live-only","False",""
"test","TEST-PERF-RUNFRAME-001","False","update","True","False","True","5","current-canonical","False",""
"test","TEST-PRF-001","False","create","True","True","False","0","none","False",""
"test","TEST-PUBSUB-001","False","preserve","False","False","True","3","live-only","False",""
"test","TEST-QA-TESTSILENCE-001","False","preserve","False","False","True","0","none","False",""
"test","TEST-REMOTE-INTEGRATION-001","False","update","True","False","True","3","current-canonical","False",""
"test","TEST-REMOTECTRL-001","False","update","True","False","True","4","current-canonical","False",""
"test","TEST-REMOTECTRL-CLI-001","False","update","True","False","True","5","current-canonical","False",""
"test","TEST-REVEXEC-001","False","preserve","False","False","True","0","none","False",""
"test","TEST-ROMM-AVUI-001","False","create","False","False","False","0","none","False",""
"test","TEST-ROMM-DETAIL-001","False","create","False","False","False","0","none","False",""
"test","TEST-ROMM-PKG-001","False","create","False","False","False","0","none","False",""
"test","TEST-ROMM-SEC-001","False","update","True","False","True","0","none","False",""
"test","TEST-SETTINGS-TXN-001","False","update","True","False","True","8","current-canonical","False",""
"test","TEST-SID-001","False","create","True","True","False","0","none","False",""
"test","TEST-SID-002","False","update","True","False","True","0","none","False",""
"test","TEST-SIDAUDIO-001","False","preserve","False","False","True","2","live-only","False",""
"test","TEST-SIDEBARUI-001","False","preserve","False","False","True","2","live-only","False",""
"test","TEST-SNAPFULL-001","False","preserve","False","False","True","0","none","False",""
"test","TEST-SNDREG-001","False","preserve","False","False","True","2","live-only","False",""
"test","TEST-SNP-001","False","create","True","True","False","0","none","False",""
"test","TEST-SYSBTN-001","True","preserve","False","False","True","0","none","False",""
"test","TEST-SYSBTN-002","True","preserve","False","False","True","0","none","False",""
"test","TEST-SYSBTN-003","True","preserve","False","False","True","0","none","False",""
"test","TEST-SYSBTN-DEVICE","True","preserve","False","False","True","0","none","False",""
"test","TEST-SYSINDEP-001","False","preserve","False","False","True","0","none","False",""
"test","TEST-TAP-001","False","create","True","True","False","0","none","False",""
"test","TEST-TAPE-RAMP-001","False","preserve","False","False","True","0","none","False",""
"test","TEST-TAPE-SENSE-001","False","preserve","False","False","True","0","none","False",""
"test","TEST-TESTGATE-002","False","preserve","False","False","True","0","none","False",""
"test","TEST-TESTGATE-008","False","preserve","False","False","True","0","none","False",""
"test","TEST-TESTGATE-009","False","preserve","False","False","True","0","none","False",""
"test","TEST-TESTGATE-010","False","preserve","False","False","True","0","none","False",""
"test","TEST-TICKHIST-001","False","preserve","False","False","True","2","live-only","False",""
"test","TEST-TICKHIST-002","False","preserve","False","False","True","2","live-only","False",""
"test","TEST-UI-001","False","update","True","True","True","0","none","False",""
"test","TEST-UI-COREBOUNDARY-001","False","update","True","False","True","2","current-canonical","False",""
"test","TEST-UI-DEVCARDART-001","False","preserve","False","False","True","0","none","False",""
"test","TEST-UI-DEVCARDART-002","False","preserve","False","False","True","0","none","False",""
"test","TEST-UI-DEVCARDART-003","False","preserve","False","False","True","0","none","False",""
"test","TEST-UI-DIAG-001","False","create","True","False","False","0","none","False",""
"test","TEST-UIDROP-002","False","update","True","False","True","0","none","False",""
"test","TEST-UIFLYOUT-001","False","preserve","False","False","True","0","none","False",""
"test","TEST-UIMENUBAR-001","False","preserve","False","False","True","0","none","False",""
"test","TEST-UIPERIPHERAL-001","False","preserve","False","False","True","0","none","False",""
"test","TEST-UISET-001","False","update","True","False","True","2","current-canonical","False",""
"test","TEST-UISET-002","False","update","True","False","True","5","current-canonical","False",""
"test","TEST-UISET-003","False","update","True","False","True","5","current-canonical","False",""
"test","TEST-UISETTINGS-001","False","preserve","False","False","True","0","none","False",""
"test","TEST-VIA-001","False","create","True","True","False","0","none","False",""
"test","TEST-VIC-001","False","create","True","True","False","0","none","False",""
"test","TEST-VIC-CHECKPOINT-001","False","preserve","False","False","True","0","none","False",""
"test","TEST-VIC-RC-001","False","preserve","False","False","True","0","none","False",""
"test","TEST-VIC20-001","False","preserve","False","False","True","5","live-only","False",""
"test","TEST-VIC20-FLASH-001","False","update","True","False","True","0","none","False",""
"test","TEST-VIC20-SOUND-001","False","update","True","False","True","0","none","False",""
"test","TEST-VSFLOCKSTEP-001","False","preserve","False","False","True","1","live-only","False",""
"test","TEST-X64SC-LOCKSTEP-001","True","create","True","True","False","0","none","False",""
"test","TEST-XAUDIO-001","True","preserve","False","False","True","0","none","False",""
"test","TEST-XAUDIO-002","True","preserve","False","False","True","0","none","False",""
"test","TEST-XAUDIO-003","True","preserve","False","False","True","0","none","False",""
"test","TEST-XAUDIO-004","True","preserve","False","False","True","0","none","False",""
"test","TEST-XAUDIO-DEVICE","True","preserve","False","False","True","0","none","False",""
"test","TEST-XBOXAOT-001","True","preserve","False","False","True","0","none","False",""
"test","TEST-XBOXCI-001","True","preserve","False","False","True","0","none","False",""
"test","TEST-XBOXDEPLOY-007","True","preserve","False","False","True","0","none","False",""
"test","TEST-XBOXGPL-001","True","preserve","False","False","True","0","none","False",""
"test","TEST-XBOXGPL-002","True","preserve","False","False","True","0","none","False",""
"test","TEST-XBOXPKG-001","True","preserve","False","False","True","0","none","False",""
"test","TEST-XBOXPKG-003","True","preserve","False","False","True","0","none","False",""
"test","TEST-XBOXTOPO-001","True","preserve","False","False","True","0","none","False",""
"test","TEST-XBOXTOPO-002","True","preserve","False","False","True","0","none","False",""
"test","TEST-XBOXUI-001","True","preserve","False","False","True","0","none","False",""
"test","TEST-XBOXUI-002a","True","preserve","False","False","True","0","none","False",""
"test","TEST-XBOXUI-002b","True","preserve","False","False","True","0","none","False",""
"test","TEST-XBOXUI-003","True","preserve","False","False","True","0","none","False",""
"test","TEST-XBOXUI-004","True","preserve","False","False","True","0","none","False",""
"test","TEST-XBOXUI-005a","True","preserve","False","False","True","0","none","False",""
"test","TEST-XBOXUI-005b","True","preserve","False","False","True","0","none","False",""
"test","TEST-XBOXUI-006","True","preserve","False","False","True","0","none","False",""
"test","TEST-XBOXUI-007","True","preserve","False","False","True","0","none","False",""
"test","TEST-XBOXUI-008","True","preserve","False","False","True","0","none","False",""
"test","TEST-XKBD-001","True","preserve","False","False","True","0","none","False",""
"test","TEST-XSET-001","True","preserve","False","False","True","0","none","False",""
"test","TEST-XSET-DEVICE","True","preserve","False","False","True","0","none","False",""
"test","TEST-XVIDEO-001","True","preserve","False","False","True","0","none","False",""
"test","TEST-XVIDEO-002","True","preserve","False","False","True","0","none","False",""
"test","TEST-XVIDEO-DEVICE","True","preserve","False","False","True","0","none","False",""
"tr","[TR-REMOTECTRL-SERVER-001]","False","preserve","False","False","True","0","none","False",""
"tr","PERF-SPRITE-DMA-OPT-001","False","preserve","False","False","True","0","none","False",""
"tr","TEST-DRV-001","False","preserve","False","False","True","0","none","False",""
"tr","TEST-UI-001","False","preserve","False","False","True","0","none","False",""
"tr","TEST-VIC-001","False","preserve","False","False","True","0","none","False","Known wrong-type placeholder; typed identity repair required."
"tr","TR-AIREVIEW-ROUTING-001","False","update","True","False","True","5","current-canonical","False",""
"tr","TR-ALLOC-001","False","update","True","True","True","6","current-canonical","False",""
"tr","TR-AOT-001","False","create","False","True","False","7","git-d28493a","False",""
"tr","TR-BASELINE-CORRECTNESS-001","False","update","True","False","True","4","current-canonical","False",""
"tr","TR-BUILD-001","False","create","True","True","False","6","current-canonical","False",""
"tr","TR-CHIPSTATE-CAPTURE-001","False","preserve","False","False","True","2","live-only","False",""
"tr","TR-COMPLETION-MANIFEST-001","False","update","True","False","True","6","current-canonical","False",""
"tr","TR-CORE-CYCLE-001","False","preserve","False","False","True","2","live-only","False",""
"tr","TR-CORE-DET-001","False","preserve","False","False","True","2","live-only","False",""
"tr","TR-CPU-TICK-001","False","preserve","False","False","True","2","live-only","False",""
"tr","TR-CTX-001","False","preserve","False","False","True","0","none","False",""
"tr","TR-CYCLE-001","False","update","True","True","True","7","current-canonical","False",""
"tr","TR-DEPS-202607-001","False","preserve","False","False","True","0","none","False",""
"tr","TR-DET-001","False","update","True","True","True","6","current-canonical","False",""
"tr","TR-DRV-EDGE-001","False","preserve","False","False","True","0","none","False",""
"tr","TR-DRV-FDD-001","False","preserve","False","False","True","0","none","False",""
"tr","TR-DRV-PACE-001","False","preserve","False","False","True","0","none","False",""
"tr","TR-DRV-WD1770-001","False","preserve","False","False","True","0","none","False",""
"tr","TR-DRVLIFE-001","False","preserve","False","False","True","0","none","False",""
"tr","TR-GAMEPAD-001","True","preserve","False","False","True","0","none","False",""
"tr","TR-GAMEPAD-002","True","preserve","False","False","True","0","none","False",""
"tr","TR-GAMEPAD-003","True","preserve","False","False","True","0","none","False",""
"tr","TR-GAMEPAD-004","True","preserve","False","False","True","0","none","False",""
"tr","TR-GAMEPAD-005","True","preserve","False","False","True","0","none","False",""
"tr","TR-GRPC-BOUNDARY-001","False","update","True","True","True","8","current-canonical","False",""
"tr","TR-HOST-DIAG-001","False","create","True","False","False","0","none","False",""
"tr","TR-HOST-DIAG-002","False","create","True","False","False","0","none","False",""
"tr","TR-HOST-DIAG-003","False","create","True","False","False","0","none","False",""
"tr","TR-HOST-DIAG-004","False","create","True","False","False","0","none","False",""
"tr","TR-HOST-PRG-001","False","update","True","False","True","4","current-canonical","False",""
"tr","TR-HOST-STATUS-001","False","update","True","True","True","3","current-canonical","False",""
"tr","TR-IEC-EDGE-001","False","preserve","False","False","True","0","none","False",""
"tr","TR-IECDECODE-001","False","preserve","False","False","True","0","none","False",""
"tr","TR-IECELEC-001","False","preserve","False","False","True","0","none","False",""
"tr","TR-IECSPY-001","False","preserve","False","False","True","0","none","False",""
"tr","TR-IECTRACE-001","False","preserve","False","False","True","0","none","False",""
"tr","TR-INPROC-001","False","preserve","False","False","True","0","none","False",""
"tr","TR-INPROC-002","False","preserve","False","False","True","0","none","False",""
"tr","TR-INPROC-003","False","preserve","False","False","True","0","none","False",""
"tr","TR-INPROC-004","False","preserve","False","False","True","0","none","False",""
"tr","TR-INPROC-005","False","preserve","False","False","True","0","none","False",""
"tr","TR-INPUT-VKM-001","False","create","True","True","False","4","current-canonical","False",""
"tr","TR-INSTALL-ASSOC-001","False","preserve","False","False","True","0","none","False",""
"tr","TR-LIB-001","False","create","True","True","False","7","current-canonical","False",""
"tr","TR-MED-FFMPEG-001","False","preserve","False","False","True","0","none","False",""
"tr","TR-MED-SOUND-001","False","preserve","False","False","True","0","none","False",""
"tr","TR-MED-VIDEO-001","False","preserve","False","False","True","0","none","False",""
"tr","TR-MEDIA-001","False","create","True","True","False","6","current-canonical","False",""
"tr","TR-MVVM-001","False","update","True","True","True","8","current-canonical","False",""
"tr","TR-NATIVE-LIFECYCLE-001","False","update","True","False","True","5","current-canonical","False",""
"tr","TR-PACESEL-STRAT-001","False","preserve","False","False","True","2","live-only","False",""
"tr","TR-PERF-ALLOC-001","False","preserve","False","False","True","2","live-only","False",""
"tr","TR-PERF-AOT-001","False","preserve","False","False","True","2","live-only","False",""
"tr","TR-PLAT-001","False","create","True","True","False","7","current-canonical","False",""
"tr","TR-PUBSUB-001","False","create","True","True","False","6","current-canonical","False",""
"tr","TR-PUBSUB-PERF-001","False","preserve","False","False","True","7","live-only","False",""
"tr","TR-QA-TESTSILENCE-001","False","preserve","False","False","True","0","none","False",""
"tr","TR-REMOTE-INTEGRATION-001","False","update","True","False","True","4","current-canonical","False",""
"tr","TR-REMOTECTRL-001","False","preserve","False","False","True","0","none","False",""
"tr","TR-REMOTECTRL-CLI-001","False","update","True","False","True","5","current-canonical","False",""
"tr","TR-REMOTECTRL-SERVER-001","False","update","True","False","True","3","current-canonical","False",""
"tr","TR-REVEXEC-001","False","preserve","False","False","True","0","none","False",""
"tr","TR-ROMM-BOUNDARY-001","False","preserve","False","False","True","0","none","False",""
"tr","TR-ROMM-JSON-001","False","preserve","False","False","True","0","none","False",""
"tr","TR-ROMM-NUGET-001","False","preserve","False","False","True","0","none","False",""
"tr","TR-ROMM-SEC-001","False","update","True","False","True","0","none","False","Requirement body is empty."
"tr","TR-ROMM-THREAD-001","False","preserve","False","False","True","0","none","False",""
"tr","TR-SETTINGS-TXN-001","False","update","True","False","True","6","current-canonical","False",""
"tr","TR-SID-AMPLIFY-001","False","preserve","False","False","True","0","none","False",""
"tr","TR-SID-EDGE-004","False","preserve","False","False","True","0","none","False",""
"tr","TR-SID-ORACLE-002","False","preserve","False","False","True","0","none","False",""
"tr","TR-SID-RESAMPLE-001","False","preserve","False","False","True","0","none","False",""
"tr","TR-SIDAUDIO-CLOCK-001","False","preserve","False","False","True","2","live-only","False",""
"tr","TR-SIDEBARUI-LAYOUT-001","False","preserve","False","False","True","2","live-only","False",""
"tr","TR-SIMD-001","False","create","True","True","False","6","current-canonical","False",""
"tr","TR-SNAPFULL-001","False","preserve","False","False","True","0","none","False",""
"tr","TR-SNDREG-GATE-001","False","preserve","False","False","True","2","live-only","False",""
"tr","TR-STATE-001","False","create","True","True","False","7","current-canonical","False",""
"tr","TR-SYS-SCHED-001","False","preserve","False","False","True","2","live-only","False",""
"tr","TR-SYSBTN-001","True","preserve","False","False","True","0","none","False",""
"tr","TR-SYSBTN-002","True","preserve","False","False","True","0","none","False",""
"tr","TR-SYSBTN-003","True","preserve","False","False","True","0","none","False",""
"tr","TR-SYSBTN-004","True","preserve","False","False","True","0","none","False",""
"tr","TR-SYSTEM-CORE-001","False","create","True","True","False","10","current-canonical","False",""
"tr","TR-TAP-EDGE-001","False","preserve","False","False","True","0","none","False",""
"tr","TR-TAPE-EDGE-001","False","preserve","False","False","True","0","none","False",""
"tr","TR-TESTGATE-001","False","preserve","False","False","True","0","none","False",""
"tr","TR-TESTGATE-003","False","preserve","False","False","True","0","none","False",""
"tr","TR-TESTGATE-004","False","preserve","False","False","True","0","none","False",""
"tr","TR-TICKHIST-CAPTURE-001","False","preserve","False","False","True","2","live-only","False",""
"tr","TR-TICKHIST-PERF-001","False","preserve","False","False","True","3","live-only","False",""
"tr","TR-TICKHIST-RPC-001","False","preserve","False","False","True","2","live-only","False",""
"tr","TR-TICKHIST-UI-001","False","preserve","False","False","True","2","live-only","False",""
"tr","TR-UI-COREBOUNDARY-001","False","update","True","False","True","2","current-canonical","False",""
"tr","TR-UI-DEVART-001","False","preserve","False","False","True","0","none","False",""
"tr","TR-UI-SHELL-001","False","update","True","True","True","3","current-canonical","False",""
"tr","TR-UIAXAML-001","False","preserve","False","False","True","0","none","False",""
"tr","TR-UIAXAML-PICKER-001","False","update","True","False","True","1","current-canonical","False",""
"tr","TR-UIAXAML-VIEWS-001","False","preserve","False","False","True","0","none","False",""
"tr","TR-VIC-EDGE-001","False","preserve","False","False","True","0","none","False",""
"tr","TR-VIC-EDGE-002","False","preserve","False","False","True","0","none","False",""
"tr","TR-VIC-EDGE-003","False","preserve","False","False","True","0","none","False",""
"tr","TR-VIC-EDGE-004","False","preserve","False","False","True","0","none","False",""
"tr","TR-VIC-EDGE-005","False","preserve","False","False","True","0","none","False",""
"tr","TR-VIC-EDGE-006","False","preserve","False","False","True","0","none","False",""
"tr","TR-VIC20-FLASH-001","False","update","True","False","True","0","none","False","Requirement body is empty."
"tr","TR-VIC20-PIXEL-001","False","update","True","False","True","0","none","False","Requirement body is empty."
"tr","TR-VIC20-SOUND-001","False","update","True","False","True","0","none","False","Requirement body is empty."
"tr","TR-VSFLOCKSTEP-RESUME-001","False","preserve","False","False","True","2","live-only","False",""
"tr","TR-WARP-STATUS-001","False","preserve","True","False","True","2","current-canonical","False",""
"tr","TR-XAUDIO-001","True","preserve","False","False","True","0","none","False",""
"tr","TR-XAUDIO-002","True","preserve","False","False","True","0","none","False",""
"tr","TR-XAUDIO-003","True","preserve","False","False","True","0","none","False",""
"tr","TR-XBOXAOT-001","True","preserve","False","False","True","0","none","False",""
"tr","TR-XBOXAOT-002","True","preserve","False","False","True","0","none","False",""
"tr","TR-XBOXAOT-003","True","preserve","False","False","True","0","none","False",""
"tr","TR-XBOXCI-005","True","preserve","False","False","True","0","none","False",""
"tr","TR-XBOXGPL-BRAND-001","True","preserve","False","False","True","0","none","False",""
"tr","TR-XBOXPKG-002","True","preserve","False","False","True","0","none","False",""
"tr","TR-XBOXTOPO-001","True","preserve","False","False","True","0","none","False",""
"tr","TR-XBOXTOPO-002","True","preserve","False","False","True","0","none","False",""
"tr","TR-XBOXTOPO-003","True","preserve","False","False","True","0","none","False",""
"tr","TR-XBOXUI-001","True","preserve","False","False","True","0","none","False",""
"tr","TR-XBOXUI-002","True","preserve","False","False","True","0","none","False",""
"tr","TR-XBOXUI-003","True","preserve","False","False","True","0","none","False",""
"tr","TR-XBOXUI-004","True","preserve","False","False","True","0","none","False",""
"tr","TR-XBOXUI-005","True","preserve","False","False","True","0","none","False",""
"tr","TR-XBOXUI-006","True","preserve","False","False","True","0","none","False",""
"tr","TR-XBOXUI-007","True","preserve","False","False","True","0","none","False",""
"tr","TR-XBOXUI-008","True","preserve","False","False","True","0","none","False",""
"tr","TR-XKBD-001","True","preserve","False","False","True","0","none","False",""
"tr","TR-XMVVM-001","True","preserve","False","False","True","0","none","False",""
"tr","TR-XPATH-001","True","preserve","False","False","True","0","none","False",""
"tr","TR-XPERSIST-001","True","preserve","False","False","True","0","none","False",""
"tr","TR-XSET-002","True","preserve","False","False","True","0","none","False",""
"tr","TR-XVIDEO-001","True","preserve","False","False","True","0","none","False",""
